"Sample.ID","TA","Mass"
"20190813_JUNK",2155.05894590685,59.9923
"20190813_CRM1",2238.20121278695,59.1386
"20190813_CRM2",2236.45589126548,59.2817
