"Sample.ID","TA","Mass"
"20190709_H1_T1",2014.43408968001,59.5845
"20190709_H1_T2",2028.28930258436,59.424
"20190709_H1_T3",2012.02462694553,59.797
"20190709_H1_T4",2025.64664922813,59.9017
"20190709_H1_T5",2023.638954632,59.0448
"20190709_H1_T6",2036.96873038122,59.8074
"20190709_H1_T7",1975.0393475595,59.6623
"20190709_H1_T8",2031.63689104609,59.7583
"20190709_H2_T2",2016.09642294538,59.9635
