"Sample.ID","TA","Mass"
"20190709_JUNK",2052.94505713319,59.3409
"20190709_CRM1",2216.49653484987,59.1069
"20190709_CRM2",2217.79350214903,59.9841
