"Sample.ID","TA","Mass"
"20190728_JUNK",2093.79141126621,59.6911
"20190728_CRM1",2222.24029812781,59.4535
"20190728_CRM2",2222.3754056208,59.5897
