"Sample.ID","TA","Mass"
"20190804_JUNK",2120.97686603359,59.6769
"20190804_CRM1",2238.64839921136,59.0721
"20190804_CRM2",2244.79449893138,59.5934
