"Sample.ID","TA","Mass"
"20190730_JUNK",2102.9325045856,59.2309
"20190730_CRM1",2222.72897300285,59.0518
"20190730_CRM2",2219.6623013465,59.0229
