"Sample.ID","TA","Mass"
"20190807_JUNK",2132.79331499059,59.2468
"20190807_CRM1",2238.40873791153,59.0225
"20190807_CRM2",2235.29565700068,59.066
