"Sample.ID","TA","Mass"
"20190731_JUNK",2097.98791344298,59.4806
"20190731_CRM1",2229.47819622705,59.1064
"20190731_CRM2",2231.09008887914,59.0444
