"N","Treatment","Salinity","Temperature","pH","CO2","pCO2","HCO3","CO3","DIC","TA","Aragonite.Sat"
33,"tank.Ambient","29.2 ± 0.009","17.6 ± 0.087","7.78 ± 0.00777","27 ± 0.57","754 ± 15","1850 ± 4.81","79.1 ± 1.37","1950 ± 4.13","2040 ± 2.26","1.25 ± 0.0217"
33,"tank.Moderate","29.2 ± 0.0138","17.6 ± 0.0895","7.24 ± 0.00467","98.1 ± 0.881","2750 ± 31.1","1980 ± 2.21","24.8 ± 0.195","2110 ± 2.5","2040 ± 2.46","0.392 ± 0.00295"
33,"tank.Severe","29.2 ± 0.00833","17.6 ± 0.0862","7 ± 0.00416","176 ± 1.58","4940 ± 44.6","2010 ± 1.53","14.2 ± 0.143","2200 ± 2.57","2050 ± 1.77","0.225 ± 0.00228"
