"N","Treatment","Salinity","Temperature","pH","CO2","pCO2","HCO3","CO3","DIC","TA","Aragonite.Sat","Calcite.Sat"
46,"tank.Ambient","29.3 ± 0.0134","17.7 ± 0.0773","7.68 ± 0.00364","34.5 ± 0.368","967 ± 8.95","1920 ± 4.66","66.4 ± 0.609","2020 ± 4.62","2080 ± 3.98","1.05 ± 0.00994","1.65 ± 0.0154"
45,"tank.Moderate","29.2 ± 0.0146","17.8 ± 0.0616","7.21 ± 0.00302","108 ± 0.831","3030 ± 22.4","2020 ± 3.21","23.5 ± 0.165","2150 ± 3.62","2080 ± 3.16","0.372 ± 0.00263","0.584 ± 0.00411"
