"Sample.ID","TA","Mass"
"20190808_JUNK",2135.03597897371,59.8154
"20190808_CRM1",2237.54756220434,59.1415
"20190808_CRM2",2237.26339326239,59.3259
