"Sample.ID","TA","Mass"
"20190703_JUNK",2048.78421677165,59.0425
"20190703_CRM1",2218.48674958556,59.1688
"20190703_CRM2",2219.08247217985,59.0885
