"Sample.ID","TA","Mass"
"20190717_JUNK",2069.8845364467,59.876
"20190717_CRM1",2219.6843927294,59.1218
"20190717_CRM2",2218.67472369226,59.0551
