"Sample.ID","TA","Mass"
"20190726_JUNK",2093.04627968487,59.6458
"20190726_CRM1",2221.12755496141,59.0882
"20190726_CRM2",2221.82387609989,59.0922
