"Sample.ID","TA","Mass"
"20190814_JUNK",2146.13762542633,59.2129
"20190814_CRM1",2235.40719717109,59.6301
"20190814_CRM2",2234.12770741048,59.1762
