"Sample.ID","TA","Mass"
"20190723_JUNK",2082.75942985478,59.8837
"20190723_CRM1",2219.00850281014,59.128
"20190723_CRM2",2218.26002413304,59.2845
