"Treatment","mean.Salinity","sem.Salinity","mean.Temperature","sem.Temperature","mean.pH","sem.pH","mean.CO2","sem.CO2","mean.pCO2","sem.pCO2","mean.HCO3","sem.HCO3","mean.CO3","sem.CO3","mean.DIC","sem.DIC","mean.TA","sem.TA","mean.Aragonite.Sat","sem.Aragonite.Sat"
"tank.Ambient",20.1033333333333,0.00881917103688223,17,0,7.759375236927,0.00417511845632997,32.789378479122,0.292098730409827,858.657645889036,7.65900996868515,1894.65060047952,5.41460550591924,58.6075154236329,0.648321017738127,1986.04749438228,5.77834329789786,2033.149143,6.37826360285817,0.937718943136976,0.0103712863669187
"tank.Moderate",29.0633333333333,0.0120185042515465,17,0,7.28460773639399,0.00200566203098923,90.3107339368582,0.42349803277255,2484.95734472208,11.5034281974892,1975.02966887984,2.78535520397564,26.3840570589192,0.13871280349048,2091.72445987562,2.91053648100124,2040.234443,2.92316949250415,0.416277811751699,0.0021808007970466
"tank.Severe",20.09,0,17,0,7.00727403791191,0.000578984756746633,197.529144684101,0.174578479672273,5172.41435130751,4.57153038632705,2019.5967184575,1.54313331737647,11.049997801677,0.0219543822047994,2228.17586094328,1.51787988326223,2045.59493933333,1.58729603139141,0.176801474452628,0.000351273114634911
