"Treatment","mean.Salinity","sem.Salinity","mean.Temperature","sem.Temperature","mean.pH","sem.pH","mean.CO2","sem.CO2","mean.pCO2","sem.pCO2","mean.HCO3","sem.HCO3","mean.CO3","sem.CO3","mean.DIC","sem.DIC","mean.TA","sem.TA","mean.Aragonite.Sat","sem.Aragonite.Sat"
"tank.Ambient",29.1433333333333,0.00881917103688223,16.5333333333333,0.0333333333333338,7.73999671785197,0.00204151208406834,30.5604976543602,0.22905549925694,829.755162343219,6.56307775314278,1888.70291417738,7.01464153148615,70.8749419327748,0.312388473457248,1990.13835376451,7.3060177219163,2063.74129481981,7.15154050028818,1.11603804338967,0.00501523846978667
"tank.Moderate",29.1,0.0450924975282282,16.5333333333333,0.0333333333333338,7.28940062780206,0.00356019286297558,90.9732561131531,0.765693136785255,2469.44599509636,20.9226380115496,1991.13236686448,4.22097162359482,26.4467271962822,0.227295797034839,2108.55235017391,4.46336961860297,2056.44863505179,4.36876724591061,0.416496604720228,0.00361902528440734
"tank.Severe",29.1466666666667,0.00333333333333267,16.5666666666667,0.0333333333333338,6.99336557536376,0.00608365153403,182.739409745768,2.69866052447846,4966.54312254843,69.8892084193325,2025.22577466088,0.969108689055996,13.6411646192505,0.200292543564132,2221.60634902589,3.22025329799409,2058.81047333251,0.762905333672066,0.214826423809202,0.00317196565978874
