"Treatment","mean.Salinity","sem.Salinity","mean.Temperature","sem.Temperature","mean.pH","sem.pH","mean.CO2","sem.CO2","mean.pCO2","sem.pCO2","mean.HCO3","sem.HCO3","mean.CO3","sem.CO3","mean.DIC","sem.DIC","mean.TA","sem.TA","mean.Aragonite.Sat","sem.Aragonite.Sat"
"tank.Ambient",29.0644444444444,0.00626079314976928,18.3355555555556,0.0145402803647805,7.74037646159103,0.00324686509428123,29.2271336829836,0.227250208813577,836.039804207955,6.738700215402,1880.34495225052,1.74812634125745,75.4841539883848,0.500837197385641,1985.05623992189,1.66359326581804,2066.21927088605,1.48192190332039,1.19723021272267,0.00791952832582834
