"Treatment","mean.Salinity","sem.Salinity","mean.Temperature","sem.Temperature","mean.pH","sem.pH","mean.CO2","sem.CO2","mean.pCO2","sem.pCO2","mean.HCO3","sem.HCO3","mean.CO3","sem.CO3","mean.DIC","sem.DIC","mean.TA","sem.TA","mean.Aragonite.Sat","sem.Aragonite.Sat"
"Ambient",29.0233333333333,0.00988826464946079,16.2257666666667,0.0430090894785949,7.68211761434869,0.0294834782972232,35.4763538786837,2.25162167131126,953.494770970228,59.762331206926,1880.74365168825,5.55504079243759,61.5831172428499,4.54432027920479,1977.80312280978,3.44892873944817,2033.22707583333,6.18583996653351,0.969009829627963,0.0716871037802517
"Elevated",29.0525,0.0137689263682152,16.810175,0.0640468887482703,7.20528612244767,0.0330077267515702,108.533578952033,8.4514939553964,2969.37516032309,230.32101709912,1952.36143676252,6.95646062204582,21.7583607506176,1.59134286960259,2082.65337646517,2.62125267254652,2006.284255,10.711370542381,0.343064694838683,0.0251056273141402
"Moderate",28.99,0,16.78425,0.42075,7.23679813496086,0.00529016750829481,103.65639759338,1.23288156824,2833.46870041238,68.873272265055,2018.94012703978,18.686302826805,23.9158867176244,0.31336172746275,2146.51241135079,20.23254612251,2077.82451,19.317536,0.37712264946748,0.005537195043681
"Severe",29.08,0,16.8082,0.408300000000001,7.00801638251136,0.00817294055484519,176.325674882414,4.729087461874,4823.46383204622,71.3031545560398,2030.44861749122,2.53425648349003,14.2574828704467,0.5076327608469,2221.03177524409,1.68719821753507,2065.5159255,3.7561905,0.224792539985917,0.0083472234109925
