"Treatment","mean.Salinity","sem.Salinity","mean.Temperature","sem.Temperature","mean.pH","sem.pH","mean.CO2","sem.CO2","mean.pCO2","sem.pCO2","mean.HCO3","sem.HCO3","mean.CO3","sem.CO3","mean.DIC","sem.DIC","mean.TA","sem.TA","mean.Aragonite.Sat","sem.Aragonite.Sat"
"tank.Ambient",29.0977777777778,0.00466515470593801,18.1755555555556,0.0102697308696012,7.68502160167838,0.00185005126077382,33.6852096328326,0.149080541055175,959.313717791788,4.35112392149706,1901.60896098468,1.04226155325571,66.860653515268,0.261800624153544,2002.15482413278,1.03892072843785,2066.30687952234,0.987504448922659,1.05965963284985,0.00414043387767488
