"Treatment","mean.Salinity","sem.Salinity","mean.Temperature","sem.Temperature","mean.pH","sem.pH","mean.CO2","sem.CO2","mean.pCO2","sem.pCO2","mean.HCO3","sem.HCO3","mean.CO3","sem.CO3","mean.DIC","sem.DIC","mean.TA","sem.TA","mean.Aragonite.Sat","sem.Aragonite.Sat"
"tank.Ambient",29.1166666666667,0.0176383420737636,17.2866666666667,0.0371184290855334,7.81882253490214,0.00463040219602075,24.1585634935206,0.265539639682666,670.554901435209,7.93286312525145,1820.28643059585,1.9907526845757,84.2323650503052,0.720722044948253,1928.67735913968,1.5966362876122,2028.75654011112,0.760883397728019,1.33023561635101,0.0112765266962848
"tank.Moderate",29.12,0.0115470053837923,17.3533333333333,0.0384418753155691,7.2578226130364,0.000297891799703702,94.8987513255451,0.057881448513993,2639.20791504599,3.41442858182873,1968.10273949326,1.03415966223476,25.0896223633252,0.0229036978610227,2088.09111318213,1.10295187188447,2030.14334952591,1.05732578529878,0.396325332626172,0.000425886190219037
"tank.Severe",29.13,0.0100000000000004,17.2333333333333,0.0145296631451358,7.00073290200232,0.00232763107898946,174.414254057986,1.11228818190617,4833.90692406457,30.770339555823,1995.90740525688,2.4472292064044,14.0164179126217,0.0630005506794447,2184.33807722749,3.40318151293366,2030.47671729642,2.33188855480644,0.221299923471153,0.00098771025258484
