"Treatment","mean.Salinity","sem.Salinity","mean.Temperature","sem.Temperature","mean.pH","sem.pH","mean.CO2","sem.CO2","mean.pCO2","sem.pCO2","mean.HCO3","sem.HCO3","mean.CO3","sem.CO3","mean.DIC","sem.DIC","mean.TA","sem.TA","mean.Aragonite.Sat","sem.Aragonite.Sat"
"tank.Ambient",29.06,0.0100000000000004,18.5266666666667,0.0233333333333339,7.72943331170215,0.0155217559542266,29.3855956052554,1.09111293158952,845.148690850316,31.292029731085,1849.14034767958,5.20431596689994,72.9802253377311,2.5646953170688,1951.50616862257,5.47680168086752,2029.41857035089,7.75044779119528,1.15843944170307,0.0407024466875562
"tank.Moderate",28.9933333333333,0.0523874454850054,18.5666666666667,0.0366666666666665,7.17046984088668,0.0146992950912238,114.79209754731,3.34647163192628,3304.25527573787,98.5738927953256,1995.55135090947,9.25527839518993,21.7433315447069,0.836759001934098,2132.08678000149,6.80464206372837,2049.06771170684,11.2707107216014,0.345259600694572,0.0131920764811256
"tray.Ambient",29.07,NA,18.68,NA,7.62613300836512,NA,39.0371381506309,NA,1127.73555774252,NA,1945.82390391527,NA,60.8304703001713,NA,2045.69151236607,NA,2095.15917144408,NA,0.966165207119108,NA
"tray.Elevated",29.13,NA,18.49,NA,7.27701399232527,NA,89.0637642920611,NA,2559.85930239859,NA,1980.10925866495,NA,27.5516132266223,NA,2096.72463618363,NA,2048.02483186949,NA,0.437175546351362,NA
