"Treatment","mean.Salinity","sem.Salinity","mean.Temperature","sem.Temperature","mean.pH","sem.pH","mean.CO2","sem.CO2","mean.pCO2","sem.pCO2","mean.HCO3","sem.HCO3","mean.CO3","sem.CO3","mean.DIC","sem.DIC","mean.TA","sem.TA","mean.Aragonite.Sat","sem.Aragonite.Sat"
"tank.Ambient",29.0711111111111,0.0234783851212395,18.3633333333333,0.0138443731048634,7.70597886717749,0.00183625594206583,31.5338509115341,0.137938564483915,902.768360546205,4.19513025907942,1875.86495364633,1.28114548824909,69.6468067193569,0.249559592270676,1977.04561127723,1.30304552605722,2047.66218932953,1.25195547875998,1.10474824429702,0.00394039171937537
