"Treatment","mean.Salinity","sem.Salinity","mean.Temperature","sem.Temperature","mean.pH","sem.pH","mean.CO2","sem.CO2","mean.pCO2","sem.pCO2","mean.HCO3","sem.HCO3","mean.CO3","sem.CO3","mean.DIC","sem.DIC","mean.TA","sem.TA","mean.Aragonite.Sat","sem.Aragonite.Sat"
"tank.Ambient",28.8625,0.0112994942996833,19.2025,0.0228933864436248,7.81573245585736,0.00265182701381291,23.3703238267084,0.151250491635716,684.47550081453,4.70855687097845,1818.68046316927,1.32426114622988,89.2532701169698,0.453207610306053,1931.30405711295,1.10586516192471,2038.59135960348,0.756117231011662,1.42164621235801,0.00709859690889675
