"Treatment","mean.Salinity","sem.Salinity","mean.Temperature","sem.Temperature","mean.pH","sem.pH","mean.CO2","sem.CO2","mean.pCO2","sem.pCO2","mean.HCO3","sem.HCO3","mean.CO3","sem.CO3","mean.DIC","sem.DIC","mean.TA","sem.TA","mean.Aragonite.Sat","sem.Aragonite.Sat"
"tank.Ambient",29.0733333333333,0.0296273147243848,19.2833333333333,0.323384875616931,7.73486586487532,0.0155075398725245,28.6380414458063,1.14216142257699,841.546303958344,32.8211221120063,1854.91790019981,6.57065338106457,76.2909211886791,2.54662327171346,1959.84686283429,5.1704381118743,2042.97231008384,1.0768376086129,1.21484838665308,0.0408630677824592
"tank.Moderate",29.0666666666667,0.0425571511160116,18.93,0.00577350269189613,7.23347850907273,0.00300472191475232,97.6756372025155,0.804388476754335,2841.84269074094,22.3621142779104,1981.90397743319,1.5040781790091,25.3238000688439,0.186178958031641,2104.90341470455,2.12262710334913,2044.2803921181,1.03138890444867,0.402639357378536,0.00292081655864414
