"Treatment","mean.Salinity","sem.Salinity","mean.Temperature","sem.Temperature","mean.pH","sem.pH","mean.CO2","sem.CO2","mean.pCO2","sem.pCO2","mean.HCO3","sem.HCO3","mean.CO3","sem.CO3","mean.DIC","sem.DIC","mean.TA","sem.TA","mean.Aragonite.Sat","sem.Aragonite.Sat"
"tank.Ambient",29.0966666666667,0.043333333333333,16.996,0.00665832811847926,7.78413756125809,0.00564097209061081,26.6809929996611,0.357727920806648,734.196041377228,10.1151667979421,1843.39994740038,1.67262398727838,77.8516660032211,0.853232568036109,1947.93260640326,1.18853672075474,2036.00522943475,0.508101869158285,1.22817973998051,0.0135455993002751
"tank.Moderate",29.0966666666667,0.00666666666666652,16.9103333333333,0.0146211414663077,7.16808692789794,0.00565916982804675,119.0083736796,1.62387643592801,3266.60849433854,45.6932806512289,1986.55361708849,1.91396459466105,20.2435870569065,0.233788146880592,2125.80557782499,3.3025458502335,2036.57708432042,1.33074504155339,0.319256984724032,0.00367846731466451
"tank.Severe",29.1366666666667,0.00333333333333385,16.986,0.0158850034099251,6.96781930430987,0.0140180719258306,190.329117415832,6.15825661232434,5237.1900984221,171.527392951286,2005.91925072899,1.8659526694676,12.9507485526902,0.405484964272254,2209.19911669751,7.61155211641857,2037.82900806727,0.869329701360626,0.204277518954765,0.00638391575754704
"tray.Ambient",29.16,0.0100000000000016,17.1535,0.249499999999999,7.64823754180826,0.0446253901534748,36.0980569284867,3.80778675448165,999.049154396236,112.550526340894,1821.83749269275,15.727559972975,56.894080248114,4.81825587282425,1914.82962986935,14.717090854635,1963.63287382593,3.61100526218991,0.897858875465362,0.0751644909812915
"tray.Elevated",29.165,0.00500000000000078,17.4225,0.0105000000000004,7.26870733122962,0.0139498000582949,89.3909825307593,3.47255807918045,2491.69972372997,97.48932759437,1903.44338742299,13.1820015340601,24.9829516307522,0.62259653695255,2017.8173215845,16.031963076285,1965.62253862085,11.553327951385,0.394692620011481,0.00981422052396649
