"Treatment","mean.Salinity","sem.Salinity","mean.Temperature","sem.Temperature","mean.pH","sem.pH","mean.CO2","sem.CO2","mean.pCO2","sem.pCO2","mean.HCO3","sem.HCO3","mean.CO3","sem.CO3","mean.DIC","sem.DIC","mean.TA","sem.TA","mean.Aragonite.Sat","sem.Aragonite.Sat"
"tank.Ambient",29.1644444444444,0.0055555555555557,17.7644444444444,0.0379733499791892,7.75583391932416,0.00483787816154481,28.4758083867562,0.314457801619698,801.725935738185,9.62262733797836,1876.16250343942,1.55164897429056,76.5867430291669,0.707972076491405,1981.22505485534,1.33368927524075,2064.99282550293,1.27353373957555,1.21156442888038,0.0110554646887128
