"Treatment","mean.Salinity","sem.Salinity","mean.Temperature","sem.Temperature","mean.pH","sem.pH","mean.CO2","sem.CO2","mean.pCO2","sem.pCO2","mean.HCO3","sem.HCO3","mean.CO3","sem.CO3","mean.DIC","sem.DIC","mean.TA","sem.TA","mean.Aragonite.Sat","sem.Aragonite.Sat"
"tank.Ambient",29.0411111111111,0.00840708108356737,17.88,0.0257120810342361,7.67577347514078,0.00322686958470332,34.7664845793346,0.269330734610732,981.37768085468,7.70429887160375,1907.72898678355,1.36524382741521,64.8316423279988,0.458519981916243,2007.32711369089,1.27445638829224,2067.43441150577,1.02048001042735,1.02646057753699,0.00723611274605778
