"Treatment","mean.Salinity","sem.Salinity","mean.Temperature","sem.Temperature","mean.pH","sem.pH","mean.CO2","sem.CO2","mean.pCO2","sem.pCO2","mean.HCO3","sem.HCO3","mean.CO3","sem.CO3","mean.DIC","sem.DIC","mean.TA","sem.TA","mean.Aragonite.Sat","sem.Aragonite.Sat"
"tank.Ambient",29.1566666666667,0.0218581284143399,17.9,0.0305505046330394,7.84666089557848,0.0022692755767041,22.3291783103186,0.153281658525397,631.055502351776,3.81752580060114,1819.51750963084,1.62858099698272,91.9766144045873,0.532450497895647,1933.82330234575,1.2495381114518,2046.62458322401,0.297637882541796,1.45585085417668,0.00849565615777883
"tank.Moderate",29.13,0.0115470053837923,18.0466666666667,0.0176383420737636,7.2261734215931,0.00126244991816455,101.112618848025,0.185213789552141,2869.37030801333,6.50456093839918,1980.17874682063,1.65829522105948,24.1013266675103,0.0772330084578651,2105.39269233616,1.57019215378841,2039.65547640087,1.83408966144687,0.381741439080111,0.00120496529669023
"tank.Severe",29.1233333333333,0.00881917103688223,17.9466666666667,0.0272845092395748,7.06075756378579,0.000959628377974826,150.387180200318,0.479528258472268,4255.21129569965,10.0442992398219,2007.68510160774,1.17512094910885,16.6301456809411,0.0534986138885635,2174.70242748899,1.47762420011633,2048.62993231031,1.13855805725205,0.263305556739011,0.000867075637775769
