"Treatment","mean.Salinity","sem.Salinity","mean.Temperature","sem.Temperature","mean.pH","sem.pH","mean.CO2","sem.CO2","mean.pCO2","sem.pCO2","mean.HCO3","sem.HCO3","mean.CO3","sem.CO3","mean.DIC","sem.DIC","mean.TA","sem.TA","mean.Aragonite.Sat","sem.Aragonite.Sat"
"tank.Ambient",29.185,0.0101876336206146,17.9016666666667,0.0235112266327765,7.75644752658283,0.00351477680008125,28.005003404134,0.240106944754584,791.665791076796,7.13293799946542,1853.980627512,1.77961391365937,76.2166947350629,0.510631543217816,1958.20232565119,1.58804349358508,2042.284853045,1.03239629611895,1.20629496622002,0.00802247995891985
"tank.Moderate",29.1875,0.0306526235962493,17.8658333333333,0.0172968000777396,7.23175655163935,0.00381819834324976,100.750016327419,1.02662318162896,2845.13596562651,29.6591968375732,1990.78908748974,4.10853954958191,24.4191536687973,0.180493817880312,2115.95825748595,4.86083585253864,2051.02007915325,3.87495907027033,0.386428112507802,0.00284622761565483
"tank.Severe",29.2158333333333,0.00753359479299547,17.8958333333333,0.00773209890879279,6.98288885571718,0.00111912552108308,180.311122022593,0.563039312986628,5097.02969926792,15.5205018876247,2011.76593082211,1.17656758684807,13.9354643270987,0.031399258424933,2206.0125171718,1.6604265725263,2046.05577978104,1.12295952362504,0.220534063530229,0.000501356789762944
