"Treatment","mean.Salinity","sem.Salinity","mean.Temperature","sem.Temperature","mean.pH","sem.pH","mean.CO2","sem.CO2","mean.pCO2","sem.pCO2","mean.HCO3","sem.HCO3","mean.CO3","sem.CO3","mean.DIC","sem.DIC","mean.TA","sem.TA","mean.Aragonite.Sat","sem.Aragonite.Sat"
"tank.Ambient",29.0644444444444,0.00626079314976928,18.3355555555556,0.0145402803647805,7.74037646159103,0.00324686509428123,29.2271336829844,0.227250208223183,836.03980420798,6.73870019915353,1880.34495225296,1.74812633507808,75.4841539885821,0.500837199274427,1985.05623992453,1.66359326779904,2066.21927088889,1.48192193589141,1.1972302127258,0.00791952835590298
