"Treatment","mean.Salinity","sem.Salinity","mean.Temperature","sem.Temperature","mean.pH","sem.pH","mean.CO2","sem.CO2","mean.pCO2","sem.pCO2","mean.HCO3","sem.HCO3","mean.CO3","sem.CO3","mean.DIC","sem.DIC","mean.TA","sem.TA","mean.Aragonite.Sat","sem.Aragonite.Sat"
"tank.Ambient",29.17,0.0100000000000004,17.9733333333333,0.0218581284143399,7.8135514967141,0.00575159779729481,24.0868509181772,0.339677167496483,682.243461629127,10.002279818789,1821.62844483881,2.33386750850204,85.5993471166325,0.978575641215728,1931.31464287362,1.70046067564815,2033.25630817116,0.262477213223086,1.35524490853858,0.0153391667421796
"tank.Moderate",29.19,0.0115470053837923,18.09,0.0404145188432747,7.21437005251876,0.00987884580827308,103.127989521129,2.24213315433691,2931.27045066818,65.7754869245382,1967.76333809063,0.940737750308142,23.3943238061141,0.529043251630199,2094.28565141788,1.0604207617051,2025.57877377002,2.14845467408659,0.370537609579905,0.00832968257304657
"tank.Severe",29.1533333333333,0.00881917103688245,17.9866666666667,0.00333333333333267,6.97271194099044,0.000567480221694078,183.323446997418,0.233369218179156,5194.04370611004,6.49995577958944,2000.74517973256,1.59059956797766,13.5625181570792,0.028696795704775,2197.63114488706,1.64827132512934,2034.13367129523,1.64108821367839,0.214750302955307,0.000450957653269795
