"Treatment","mean.Salinity","sem.Salinity","mean.Temperature","sem.Temperature","mean.pH","sem.pH","mean.CO2","sem.CO2","mean.pCO2","sem.pCO2","mean.HCO3","sem.HCO3","mean.CO3","sem.CO3","mean.DIC","sem.DIC","mean.TA","sem.TA","mean.Aragonite.Sat","sem.Aragonite.Sat"
"tank.Ambient",29.17,0.0305505046330394,17.8266666666667,0.00333333333333267,7.84395765492389,0.00290146325906542,22.4737530182234,0.162724044067932,633.847641131128,4.58074826317963,1817.23101791364,1.08674007346025,91.0698770997414,0.586320467662931,1930.77464803161,0.833571982861906,2042.22752047927,0.943103516861538,1.44102000052377,0.00921951933111619
"tank.Moderate",29.1633333333333,0.00666666666666771,17.9766666666667,0.013333333333333,7.22058596763305,8.88193313199892e-05,102.225816415976,0.136580647645106,2895.62532546805,3.11361576415187,1974.06218402955,2.62518917123572,23.6771708152055,0.0302242051466285,2099.96517126074,2.79114074237076,2032.54338494858,2.68612348675297,0.374880400078049,0.000458228791332867
"tank.Severe",29.1733333333333,0.00881917103688223,17.9833333333333,0.0266666666666673,6.99030707594202,0.00269939632689857,176.817531206773,1.05794516450887,5009.79255147458,31.3460904863012,2009.75741424683,0.156877942967495,14.1929059456925,0.083981891193837,2200.7678513993,0.894130058318765,2044.67951920065,0.32228677065817,0.224715257328702,0.00132395366576088
