"Treatment","mean.Salinity","sem.Salinity","mean.Temperature","sem.Temperature","mean.pH","sem.pH","mean.CO2","sem.CO2","mean.pCO2","sem.pCO2","mean.HCO3","sem.HCO3","mean.CO3","sem.CO3","mean.DIC","sem.DIC","mean.TA","sem.TA","mean.Aragonite.Sat","sem.Aragonite.Sat"
"tank.Ambient",29.1766666666667,0.00881917103688223,17,0.0577350269189634,7.70887866696199,0.0103451554961124,32.68242685399,0.850954661931049,899.85076557723,23.7312570670798,1899.71634739456,4.2771141562485,67.6369904198972,1.41340859189731,2000.03576466845,3.73804758557938,2066.63684321956,1.08129895285545,1.06680352148768,0.0222885097171216
"tank.Moderate",29.1366666666667,0.0284800124843927,17,0,7.27290243676282,0.00252373604451167,93.7697935083872,0.546604905423498,2581.17853329905,14.6434683924754,1997.7587597773,3.87212918810251,26.0281167362975,0.188488156690458,2117.55667002198,3.99814593102814,2061.97069480892,4.10524689343204,0.41057493798398,0.00294808097624093
"tank.Severe",29.2,0.00577350269189613,17.1,0.0577350269189624,7.00464829889089,0.00289419194194801,176.074145459654,1.14595343997264,4862.68732059211,26.4168926995074,2028.63174031322,3.2314885993638,14.3296166959066,0.140825205076704,2219.03550246878,2.65495279155741,2063.88453748892,3.52989770766076,0.226084626225393,0.00226179265956134
