"Treatment","mean.Salinity","sem.Salinity","mean.Temperature","sem.Temperature","mean.pH","sem.pH","mean.CO2","sem.CO2","mean.pCO2","sem.pCO2","mean.HCO3","sem.HCO3","mean.CO3","sem.CO3","mean.DIC","sem.DIC","mean.TA","sem.TA","mean.Aragonite.Sat","sem.Aragonite.Sat"
"tank.Ambient",20.1033333333333,0.00881917103688223,17,0,7.759375236927,0.00417511845632997,32.789378481479,0.292098728638951,858.657645950766,7.65900992274161,1894.65060061862,5.41460568780401,58.6075154280268,0.648321023327223,1986.04749452813,5.77834349214883,2033.14914314789,6.37826381055014,0.937718943207276,0.0103712864563193
"tank.Moderate",29.0633333333333,0.0120185042515465,17,0,7.28460773639399,0.00200566203098923,90.3107339501451,0.423498036164895,2484.95734508767,11.5034282912334,1975.0296691696,2.78535515848346,26.384057062779,0.138712802290859,2091.72446018253,2.91053644154474,2040.23444329748,2.92316943731872,0.416277811812599,0.0021808007781073
"tank.Severe",20.09,0,17,0,7.00727403791191,0.000578984756746633,197.529144686349,0.17457848425019,5172.41435136635,4.57153050620568,2019.59671848043,1.54313334516946,11.0499978018022,0.0219543822078429,2228.17586096858,1.51787992038618,2045.59493935652,1.5872960586724,0.176801474454632,0.000351273114683885
