"Sample.ID","TA","Mass"
"20190803_JUNK",2123.24451311318,59.7799
"20190803_CRM1",2239.03292610919,59.0662
"20190803_CRM2",2237.84317886148,59.8077
