"Sample.ID","TA","Mass"
"20190626_JUNK",2351.87662329011,59.8014
"20190626_CRM1",2217.69827458321,59.0729
"20190626_CRM2",2217.79758334416,59.2344
