"Sample.ID","TA","Mass"
"20190801_JUNK",2115.91858683096,59.2123
"20190801_CRM1",2235.54678645421,59.0328
"20190801_CRM2",2236.02292165405,59.0602
