"Sample.ID","TA","Mass"
"20190724_JUNK",2087.06837422927,59.3281
"20190724_CRM1",2220.94152621793,59.0481
"20190724_CRM2",2218.9803038606,59.1943
