"Sample.ID","TA","Mass"
"20190714_JUNK",2059.87684635687,59.2684
"20190714_CRM1",2217.54500065506,59.0425
"20190714_CRM2",2216.5791490155,59.1479
