"Sample.ID","TA","Mass"
"20190806_JUNK",2124.3884385268,59.6864
"20190806_CRM1",2238.30916348445,59.1238
"20190806_CRM2",2237.17780994603,59.0424
