"Sample.ID","TA","Mass"
"20190811_JUNK",2146.35637410649,59.6281
"20190811_CRM1",2244.09871046183,59.164
"20190811_CRM2",2239.79333858094,59.2034
