"Sample.ID","TA","Mass"
"20190716_JUNK",2066.78219993227,59.8059
"20190716_CRM1",2222.17803281594,59.1763
"20190716_CRM2",2218.83705648147,59.3077
