"Sample.ID","TA","Mass"
"20190727_JUNK",2089.71109549371,59.6449
"20190727_CRM1",2224.73938652222,59.0275
"20190727_CRM2",2221.22543706737,59.1628
