"Sample.ID","TA","Mass"
"20190809_JUNK",2137.9197036549,59.7151
"20190809_CRM1",2235.14304358216,59.82
"20190809_CRM2",2236.20293501908,59.1631
