"Sample.ID","TA","Mass"
"20190805_JUNK",2127.85648993799,59.712
"20190805_CRM1",2241.01543014405,59.1318
"20190805_CRM2",2238.78718957892,59.1944
