"Sample.ID","TA","Mass"
"20190729_JUNK",2090.1996165596,59.9815
"20190729_CRM1",2221.09864470022,59.2005
"20190729_CRM2",2221.24847574161,59.0192
