"Sample.ID","TA","Mass"
"20190812_JUNK",2146.29988336609,59.4962
"20190812_CRM1",2239.65163333301,59.2198
"20190812_CRM2",2237.6400650699,59.861
