"Sample.ID","TA","Mass"
"20190725_JUNK",2088.34518426133,59.8781
"20190725_CRM1",2223.06279163389,59.0951
"20190725_CRM2",2219.94357651951,59.0267
