"Sample.ID","TA","Mass"
"20190810_JUNK",2139.34226306179,59.5372
"20190810_CRM1",2237.32896938731,59.1192
"20190810_CRM2",2234.93589949837,59.1974
